[
  {
    "sentence_original": "This  \nis a very important rule because a Null can  \nbe interpreted as one the following:  \ndata's missing data... not known...  \ndata's... or... (?).  \n\n",
    "sentence_repaired": "This  \nis a very important rule because a Null can  \nbe interpreted as one the following:  \ndata's missing dataincomplete not known...  \ndata's... or... undefined.  \n\n",
    "fills": [
      {
        "placeholder": "(?)",
        "replacement": "undefined",
        "confidence": 0.9
      },
      {
        "placeholder": "...",
        "replacement": "incomplete",
        "confidence": 0.9
      }
    ],
    "start_char": 758,
    "end_char": 912
  },
  {
    "sentence_original": "The structure description of the online database  \nmust be stored in an online catalog known  \nas data dictionary... which can be\nAccessed by authorized users.  \n",
    "sentence_repaired": " description of the online database  \nmust be stored in an online catalog known  \nas data dictionarysystem which can be\nAccessed by authorized users.  \nUsers can use",
    "fills": [
      {
        "placeholder": "(?)",
        "replacement": "system",
        "confidence": 0.9
      },
      {
        "placeholder": "...",
        "replacement": "system",
        "confidence": 0.9
      }
    ],
    "start_char": 944,
    "end_char": 1106
  }
]