[
  {
    "quote": "b) Varchar(n) => It is a variable width character string data type. Its size can be up to 800 characters.",
    "issue": "inaccurate",
    "why": "The maximum size for varchar(n) in SQL Server is 8000 characters, not 800.",
    "suggested_fix": "Change '800 characters' to '8000 characters'.",
    "location": "0:3"
  },
  {
    "quote": "f) nvarchar => it is a variable width Unicode string data type. Its size can be up to 4000 characters.",
    "issue": "incomplete",
    "why": "nvarchar(max) can store up to 2GB of data, unlike nvarchar(n) which is limited to 4000 characters.",
    "suggested_fix": "Clarify that nvarchar(max) can store up to 2GB of data.",
    "location": "0:7"
  },
  {
    "quote": "i) varbinary => it is a variable width binary string data type. Its size can be up to 8000 bytes.",
    "issue": "incomplete",
    "why": "varbinary(max) can store up to 2GB of data, unlike varbinary(n) which is limited to 8000 bytes.",
    "suggested_fix": "Clarify that varbinary(max) can store up to 2GB of data.",
    "location": "0:9"
  },
  {
    "quote": "e) bigint =>",
    "issue": "incomplete",
    "why": "The description for the bigint data type is missing.",
    "suggested_fix": "Add 'it allows whole numbers between -9,223,372,036,854,775,808 and 9,223,372,036,854,775,807'.",
    "location": "1:5"
  },
  {
    "quote": "f) float(n) => 12.56",
    "issue": "incomplete",
    "why": "The description for the float data type is missing.",
    "suggested_fix": "Add 'it is a floating-point number data type with a precision that depends on the value of n'.",
    "location": "1:6"
  },
  {
    "quote": "g) real => It is a floating precision number data from -3.40e+38 to 3.40e+38.",
    "issue": "inaccurate",
    "why": "The range for the real data type is approximately -3.40E+38 to 3.40E+38, but it is more accurately described as a single-precision floating-point number.",
    "suggested_fix": "Clarify that real is a single-precision floating-point number with a range of approximately -3.40E+38 to 3.40E+38.",
    "location": "1:7"
  }
]